source,ourDatabase,databaseLabel,category
bbc.com,TRUE,Real,newsandmedia
nytimes.com,TRUE,Real,newsandmedia
foxnews.com,TRUE,Real,newsandmedia
rt.com,TRUE,Real,newsandmedia
webmd.com,TRUE,Real,health
accuweather.com,TRUE,Real,newsandmedia
telegraph.co.uk,TRUE,Real,newsandmedia
drudgereport.com,TRUE,Real,newsandmedia
usnews.com,TRUE,Real,newsandmedia
dailycaller.com,TRUE,Real,newsandmedia
dailypost.ng,TRUE,Real,newsandmedia
cdc.gov,TRUE,Real,health
abcnews.go.com,TRUE,Real,newsandmedia
att.net,TRUE,Real,newsandmedia
digg.com,TRUE,Real,newsandmedia
denverpost.com,TRUE,Real,newsandmedia
medicinenet.com,TRUE,Real,health
warframe.com,TRUE,Real,newsandmedia
salon.com,TRUE,Real,newsandmedia
mercurynews.com,TRUE,Real,newsandmedia
patheos.com,TRUE,Real,religion
24livenewspaper.com,TRUE,Real,newsandmedia
philly.com,TRUE,Real,newsandmedia
naijanews.com,TRUE,Real,newsandmedia
healthgrades.com,TRUE,Real,health
washingtontimes.com,TRUE,Real,newsandmedia
lybrate.com,TRUE,Real,health
sfchronicle.com,TRUE,Real,newsandmedia
anews.com,TRUE,Real,newsandmedia
todayonline.com,TRUE,Real,newsandmedia
bloombergquint.com,TRUE,Real,newsandmedia
post-gazette.com,TRUE,Real,newsandmedia
indystar.com,TRUE,Real,newsandmedia
7news.com.au,TRUE,Real,newsandmedia
twitchy.com,TRUE,Real,newsandmedia
jsonline.com,TRUE,Real,newsandmedia
onlymyhealth.com,TRUE,Real,health
guardian.co.uk,TRUE,Real,newsandmedia
epainassist.com,TRUE,Real,health
sportz247.com,TRUE,Real,newsandmedia
timesofindia.com,TRUE,Real,newsandmedia
cincinnati.com,TRUE,Real,newsandmedia
bostonherald.com,TRUE,Real,newsandmedia
concisenews.global,TRUE,Real,newsandmedia
abc7ny.com,TRUE,Real,newsandmedia
learnreligions.com,TRUE,Real,religion
wcvb.com,TRUE,Real,newsandmedia
iceposeidon.com,TRUE,Real,newsandmedia
kcci.com,TRUE,Real,newsandmedia
fox10phoenix.com,TRUE,Real,newsandmedia
pinknews.co.uk,TRUE,Real,newsandmedia
azfamily.com,TRUE,Real,newsandmedia
citynews.ca,TRUE,Real,newsandmedia
patient.info,TRUE,Real,health
sportsretriever.com,TRUE,Real,newsandmedia
bloglines.com,TRUE,Real,newsandmedia
expressnews.com,TRUE,Real,newsandmedia
daytondailynews.com,TRUE,Real,newsandmedia
christianity.com,TRUE,Real,religion
abc15.com,TRUE,Real,newsandmedia
grotal.com,TRUE,Real,newsandmedia
oilcity.news,TRUE,Real,newsandmedia
reuters.tv,TRUE,Real,newsandmedia
wcpo.com,TRUE,Real,newsandmedia
thedenverchannel.com,TRUE,Real,newsandmedia
qualityhealth.com,TRUE,Real,health
fox17online.com,TRUE,Real,newsandmedia
fox40.com,TRUE,Real,newsandmedia
whnt.com,TRUE,Real,newsandmedia
weatheronline.co.uk,TRUE,Real,newsandmedia
fox4kc.com,TRUE,Real,newsandmedia
king5.com,TRUE,Real,newsandmedia
wxyz.com,TRUE,Real,newsandmedia
lex18.com,TRUE,Real,newsandmedia
kshb.com,TRUE,Real,newsandmedia
freebeacon.com,TRUE,Real,newsandmedia
fox13now.com,TRUE,Real,newsandmedia
ghostarrow.com,TRUE,Real,newsandmedia
reddit.guide,TRUE,Real,newsandmedia
channel3000.com,TRUE,Real,newsandmedia
wpxi.com,TRUE,Real,newsandmedia
thirdage.com,TRUE,Real,health
kiro7.com,TRUE,Real,newsandmedia
vishvatimes.com,TRUE,Real,newsandmedia
pharmeasy.in,TRUE,Real,health
gaystarnews.com,TRUE,Real,newsandmedia
q13fox.com,TRUE,Real,newsandmedia
livelovefruit.com,TRUE,Real,health
amny.com,TRUE,Real,newsandmedia
telegraphstar.com,TRUE,Real,newsandmedia
fox43.com,TRUE,Real,newsandmedia
nyt.com,TRUE,Real,newsandmedia
234next.com,TRUE,Real,newsandmedia
pix11.com,TRUE,Real,newsandmedia
a2zwebtv.com,TRUE,Real,newsandmedia
kstp.com,TRUE,Real,newsandmedia
businessworld.in,TRUE,Real,newsandmedia
womenshealth.gov,TRUE,Real,health
kfor.com,TRUE,Real,newsandmedia
pulse.com.gh,TRUE,Real,newsandmedia
pnj.com,TRUE,Real,newsandmedia
medhelp.org,TRUE,Real,health
wftv.com,TRUE,Real,newsandmedia
ctpost.com,TRUE,Real,newsandmedia
yorkshireeveningpost.co.uk,TRUE,Real,newsandmedia
midco.net,TRUE,Real,newsandmedia
samachar.com,TRUE,Real,newsandmedia
dublinlive.ie,TRUE,Real,newsandmedia
thewesternstar.com,TRUE,Real,newsandmedia
acaai.org,TRUE,Real,health
nationalheraldindia.com,TRUE,Real,newsandmedia
gdnonline.com,TRUE,Real,newsandmedia
abacusnews.com,TRUE,Real,newsandmedia
drweil.com,TRUE,Real,health
centralmaine.com,TRUE,Real,newsandmedia
newsjizz.in,TRUE,Real,newsandmedia
bidmc.org,TRUE,Real,health
bringmethenews.com,TRUE,Real,newsandmedia
worldgreynews.com,TRUE,Real,newsandmedia
theguardian.pe.ca,TRUE,Real,newsandmedia
wsaz.com,TRUE,Real,newsandmedia
emedtv.com,TRUE,Real,health
vindy.com,TRUE,Real,newsandmedia
trumptrainnews.com,TRUE,Real,newsandmedia
vcuhealth.org,TRUE,Real,health
jesusdaily.com,TRUE,Real,religion
itimes.com,TRUE,Real,newsandmedia
sundiatapost.com,TRUE,Real,newsandmedia
kwtx.com,TRUE,Real,newsandmedia
nbc-2.com,TRUE,Real,newsandmedia
wivb.com,TRUE,Real,newsandmedia
weather.com.au,TRUE,Real,newsandmedia
trending.com,TRUE,Real,newsandmedia
wbrz.com,TRUE,Real,newsandmedia
oneindia.in,TRUE,Real,newsandmedia
cnn.net,TRUE,Real,newsandmedia
thegutrehab.com,TRUE,Real,health
necn.com,TRUE,Real,newsandmedia
5newsonline.com,TRUE,Real,newsandmedia
whsv.com,TRUE,Real,newsandmedia
mytopfinding.com,TRUE,Real,religion
looptt.com,TRUE,Real,newsandmedia
delcotimes.com,TRUE,Real,newsandmedia
voiceliberty.com,TRUE,Real,newsandmedia
dailygazette.com,TRUE,Real,newsandmedia
charismamag.com,TRUE,Real,religion
wbng.com,TRUE,Real,newsandmedia
dietsinreview.com,TRUE,Real,health
ghanaguardian.com,TRUE,Real,newsandmedia
activefeel.com,TRUE,Real,health
ksby.com,TRUE,Real,newsandmedia
wjfw.com,TRUE,Real,newsandmedia
wndu.com,TRUE,Real,newsandmedia
wreg.com,TRUE,Real,newsandmedia
mydr.com.au,TRUE,Real,health
citizensvoice.com,TRUE,Real,newsandmedia
wowt.com,TRUE,Real,newsandmedia
atkins.com,TRUE,Real,health
lifestylogy.com,TRUE,Real,health
live5news.com,TRUE,Real,newsandmedia
breaking911.com,TRUE,Real,newsandmedia
wtkr.com,TRUE,Real,newsandmedia
ibtimes.co.uk,TRUE,Real,newsandmedia
nbc12.com,TRUE,Real,newsandmedia
waff.com,TRUE,Real,newsandmedia
kvoa.com,TRUE,Real,newsandmedia
responsivehealth.com,TRUE,Real,health
wnem.com,TRUE,Real,newsandmedia
whas11.com,TRUE,Real,newsandmedia
holyspiritspeaks.org,TRUE,Real,religion
weatherbell.com,TRUE,Real,newsandmedia
scientology.org,TRUE,Real,religion
pulselive.co.ke,TRUE,Real,newsandmedia
theoaklandpress.com,TRUE,Real,newsandmedia
cancercenter.com,TRUE,Real,health
henryford.com,TRUE,Real,health
curejoy.com,TRUE,Real,health
sfexaminer.com,TRUE,Real,newsandmedia
y-jesus.com,TRUE,Real,religion
propeller.com,TRUE,Real,newsandmedia
12news.com,TRUE,Real,newsandmedia
wbtw.com,TRUE,Real,newsandmedia
abc-7.com,TRUE,Real,newsandmedia
zeenews.com,TRUE,Real,newsandmedia
wfmynews2.com,TRUE,Real,newsandmedia
thenewgutfix.com,TRUE,Real,health
whig.com,TRUE,Real,newsandmedia
khq.com,TRUE,Real,newsandmedia
wgal.com,TRUE,Real,newsandmedia
zambiawatchdog.com,TRUE,Real,newsandmedia
jobsdestiny.com,TRUE,Real,newsandmedia
chicoer.com,TRUE,Real,newsandmedia
fncstatic.com,TRUE,Real,newsandmedia
kxly.com,TRUE,Real,newsandmedia
localpulse.net,TRUE,Real,newsandmedia
neutrogena.com,TRUE,Real,health
sharp.com,TRUE,Real,health
lep.co.uk,TRUE,Real,newsandmedia
sanduskyregister.com,TRUE,Real,newsandmedia
thesudburystar.com,TRUE,Real,newsandmedia
jetnation.com,TRUE,Real,newsandmedia
local21news.com,TRUE,Real,newsandmedia
fredericksburg.com,TRUE,Real,newsandmedia
sunjournal.com,TRUE,Real,newsandmedia
twistity.com,TRUE,Real,newsandmedia
fox4now.com,TRUE,Real,newsandmedia
wopular.com,TRUE,Real,newsandmedia
whatshot.in,TRUE,Real,newsandmedia
lcsun-news.com,TRUE,Real,newsandmedia
caller.com,TRUE,Real,newsandmedia
ceoexpress.com,TRUE,Real,newsandmedia
thv11.com,TRUE,Real,newsandmedia
religionfacts.com,TRUE,Real,religion
beaumontenterprise.com,TRUE,Real,newsandmedia
magicvalley.com,TRUE,Real,newsandmedia
thecoverage.my,TRUE,Real,newsandmedia
alltheinternet.com,TRUE,Real,newsandmedia
bodyecology.com,TRUE,Real,health
cougarfan.com,TRUE,Real,newsandmedia
ehealthforum.com,TRUE,Real,health
championselect.net,TRUE,Real,newsandmedia
witn.com,TRUE,Real,newsandmedia
kcentv.com,TRUE,Real,newsandmedia
kjrh.com,TRUE,Real,newsandmedia
manipalhospitals.com,TRUE,Real,health
radioinsight.com,TRUE,Real,newsandmedia
macombdaily.com,TRUE,Real,newsandmedia
ktvq.com,TRUE,Real,newsandmedia
mycci.net,TRUE,Real,newsandmedia
nwsource.com,TRUE,Real,newsandmedia
patriotjournal.com,TRUE,Real,newsandmedia
montgomeryadvertiser.com,TRUE,Real,newsandmedia
abchomeopathy.com,TRUE,Real,health
mtstandard.com,TRUE,Real,newsandmedia
hearthymn.com,TRUE,Real,religion
allbanglanewspaperlist.com,TRUE,Real,newsandmedia
thetelegram.com,TRUE,Real,newsandmedia
fox23.com,TRUE,Real,newsandmedia
mailtribune.com,TRUE,Real,newsandmedia
waaytv.com,TRUE,Real,newsandmedia
43marks.com,TRUE,Real,newsandmedia
newarkadvocate.com,TRUE,Real,newsandmedia
indiatimes.in,TRUE,Real,newsandmedia
healthcommunities.com,TRUE,Real,health
rainbowtoken.com,TRUE,Real,religion
urle.co,TRUE,Real,newsandmedia
100searchengines.com,TRUE,Real,newsandmedia
abcnews.com,TRUE,Real,newsandmedia
journal-news.net,TRUE,Real,newsandmedia
kccllc.net,TRUE,Real,newsandmedia
gospelinlife.com,TRUE,Real,religion
misstechy.com,TRUE,Real,newsandmedia
planetayurveda.com,TRUE,Real,health
wpde.com,TRUE,Real,newsandmedia
dailyjournal.net,TRUE,Real,newsandmedia
techvibes.com,TRUE,Real,newsandmedia
healthigg.com,TRUE,Real,health
conservativetribune.com,TRUE,Real,newsandmedia
usnpl.com,TRUE,Real,newsandmedia
searchalot.com,TRUE,Real,newsandmedia
epharmapedia.com,TRUE,Real,health
wkow.com,TRUE,Real,newsandmedia
iraqinews.com,TRUE,Real,newsandmedia
medbroadcast.com,TRUE,Real,health
deccanreport.com,TRUE,Real,newsandmedia
latest.com,TRUE,Real,newsandmedia
moultrienews.com,TRUE,Real,newsandmedia
reporternews.com,TRUE,Real,newsandmedia
timescall.com,TRUE,Real,newsandmedia
wthitv.com,TRUE,Real,newsandmedia
bennyhinn.org,TRUE,Real,religion
foxct.com,TRUE,Real,newsandmedia
yourcareeverywhere.com,TRUE,Real,health
mypalmbeachpost.com,TRUE,Real,newsandmedia
homeremedyshop.com,TRUE,Real,health
chooseyourdiet.com,TRUE,Real,health
hawaiiantel.net,TRUE,Real,newsandmedia
gicare.com,TRUE,Real,health
uschronicle.com,TRUE,Real,newsandmedia
ktbs.com,TRUE,Real,newsandmedia
tribstar.com,TRUE,Real,newsandmedia
wikipedia.org,TRUE,Real,education
academia.edu,TRUE,Real,education
sciencedirect.com,TRUE,Real,education
quizlet.com,TRUE,Real,education
thesaurus.com,TRUE,Real,education
wikimedia.org,TRUE,Real,education
khanacademy.org,TRUE,Real,education
smallpdf.com,TRUE,Real,education
wordreference.com,TRUE,Real,education
wiley.com,TRUE,Real,education
coursera.org,TRUE,Real,education
mit.edu,TRUE,Real,education
chegg.com,TRUE,Real,education
coursehero.com,TRUE,Real,education
semanticscholar.org,TRUE,Real,education
britannica.com,TRUE,Real,education
jw.org,TRUE,Real,education
merriam-webster.com,TRUE,Real,education
study.com,TRUE,Real,education
thefreedictionary.com,TRUE,Real,education
nature.com,TRUE,Real,education
harvard.edu,TRUE,Real,education
teacherspayteachers.com,TRUE,Real,education
dictionary.com,TRUE,Real,education
spanishdict.com,TRUE,Real,education
nnu.ng,TRUE,Real,education
arxiv.org,TRUE,Real,education
tandfonline.com,TRUE,Real,education
brainly.com,TRUE,Real,education
dw.com,TRUE,Real,education
stanford.edu,TRUE,Real,education
thoughtco.com,TRUE,Real,education
schoology.com,TRUE,Real,education
ted.com,TRUE,Real,education
cengage.com,TRUE,Real,education
yourdictionary.com,TRUE,Real,education
ecollege.com,TRUE,Real,education
berkeley.edu,TRUE,Real,education
psu.edu,TRUE,Real,education
punchng.com,TRUE,Real,education
oup.com,TRUE,Real,education
collinsdictionary.com,TRUE,Real,education
ask.fm,TRUE,Real,education
mheducation.com,TRUE,Real,education
who.int,TRUE,Real,education
umich.edu,TRUE,Real,education
sciencemag.org,TRUE,Real,education
pearsoned.com,TRUE,Real,education
collegeboard.org,TRUE,Real,education
sparknotes.com,TRUE,Real,education
collegedunia.com,TRUE,Real,education
answers.com,TRUE,Real,education
poe.trade,TRUE,Real,education
cornell.edu,TRUE,Real,education
edmodo.com,TRUE,Real,education
utexas.edu,TRUE,Real,education
bab.la,TRUE,Real,education
adoptapet.com,TRUE,Real,education
ghanaweb.com,TRUE,Real,education
wisc.edu,TRUE,Real,education
gradeup.co,TRUE,Real,education
zerohedge.com,TRUE,Real,education
scroll.in,TRUE,Real,education
shmoop.com,TRUE,Real,education
usc.edu,TRUE,Real,education
b-ok.cc,TRUE,Real,education
unacademy.com,TRUE,Real,education
bartleby.com,TRUE,Real,education
umn.edu,TRUE,Real,education
washington.edu,TRUE,Real,education
tn.gov.in,TRUE,Real,education
asu.edu,TRUE,Real,education
quizizz.com,TRUE,Real,education
islcollective.com,TRUE,Real,education
upenn.edu,TRUE,Real,education
enotes.com,TRUE,Real,education
desmos.com,TRUE,Real,education
rsc.org,TRUE,Real,education
tureng.com,TRUE,Real,education
citethisforme.com,TRUE,Real,education
ldoceonline.com,TRUE,Real,education
iu.edu,TRUE,Real,education
slader.com,TRUE,Real,education
unc.edu,TRUE,Real,education
mathsisfun.com,TRUE,Real,education
bu.edu,TRUE,Real,education
wordhippo.com,TRUE,Real,education
vocabulary.com,TRUE,Real,education
pearson.com,TRUE,Real,education
careers360.com,TRUE,Real,education
commonapp.org,TRUE,Real,education
yale.edu,TRUE,Real,education
cuny.edu,TRUE,Real,education
ufl.edu,TRUE,Real,education
msu.edu,TRUE,Real,education
livescience.com,TRUE,Real,education
uci.edu,TRUE,Real,education
scholarships.gov.in,TRUE,Real,education
macmillandictionary.com,TRUE,Real,education
mapsofindia.com,TRUE,Real,education
piazza.com,TRUE,Real,education
hegartymaths.com,TRUE,Real,education
powerthesaurus.org,TRUE,Real,education
toppr.com,TRUE,Real,education
socratic.org,TRUE,Real,education
typing.com,TRUE,Real,education
umd.edu,TRUE,Real,education
arizona.edu,TRUE,Real,education
sciencing.com,TRUE,Real,education
aps.org,TRUE,Real,education
theconversation.com,TRUE,Real,education
usg.edu,TRUE,Real,education
utah.edu,TRUE,Real,education
ed.ac.uk,TRUE,Real,education
indiatyping.com,TRUE,Real,education
ox.ac.uk,TRUE,Real,education
duke.edu,TRUE,Real,education
frontiersin.org,TRUE,Real,education
education.com,TRUE,Real,education
worldcat.org,TRUE,Real,education
oxfordlearnersdictionaries.com,TRUE,Real,education
princeton.edu,TRUE,Real,education
plos.org,TRUE,Real,education
tes.com,TRUE,Real,education
nus.edu.sg,TRUE,Real,education
colorado.edu,TRUE,Real,education
iop.org,TRUE,Real,education
lexico.com,TRUE,Real,education
jhu.edu,TRUE,Real,education
vt.edu,TRUE,Real,education
ideapod.com,TRUE,Real,education
unsw.edu.au,TRUE,Real,education
aleks.com,TRUE,Real,education
mcgill.ca,TRUE,Real,education
uitm.edu.my,TRUE,Real,education
tamu.edu,TRUE,Real,education
virginia.edu,TRUE,Real,education
bible.com,TRUE,Real,education
irishtimes.com,TRUE,Real,education
eci.gov.in,TRUE,Real,education
k12.com,TRUE,Real,education
ixl.com,TRUE,Real,education
osu.edu,TRUE,Real,education
twinkl.co.uk,TRUE,Real,education
healthyfoodhouse.com,TRUE,Real,education
pearsonmylabandmastering.com,TRUE,Real,education
shiksha.com,TRUE,Real,education
reference.com,TRUE,Real,education
sciencedaily.com,TRUE,Real,education
ef.com,TRUE,Real,education
funimation.com,TRUE,Real,education
cam.ac.uk,TRUE,Real,education
gsu.edu,TRUE,Real,education
stardewvalleywiki.com,TRUE,Real,education
ualberta.ca,TRUE,Real,education
scholastic.com,TRUE,Real,education
laracasts.com,TRUE,Real,education
significados.com,TRUE,Real,education
monash.edu,TRUE,Real,education
nios.ac.in,TRUE,Real,education
ncsu.edu,TRUE,Real,education
ultrasurfing.com,TRUE,Real,education
webassign.net,TRUE,Real,education
unesco.org,TRUE,Real,education
minnstate.edu,TRUE,Real,education
apa.org,TRUE,Real,education
wikia.com,TRUE,Real,education
xnxx.tv,TRUE,Real,education
uh.edu,TRUE,Real,education
b-ok.org,TRUE,Real,education
fsu.edu,TRUE,Real,education
hentai-foundry.com,TRUE,Real,education
unimelb.edu.au,TRUE,Real,education
topuniversities.com,TRUE,Real,education
ntu.edu.sg,TRUE,Real,education
collegeconfidential.com,TRUE,Real,education
embibe.com,TRUE,Real,education
uwo.ca,TRUE,Real,education
fiu.edu,TRUE,Real,education
filerio.in,TRUE,Real,education
uw.edu,TRUE,Real,education
alldatasheet.com,TRUE,Real,education
georgetown.edu,TRUE,Real,education
masteringbiology.com,TRUE,Real,education
findagrave.com,TRUE,Real,education
imslp.org,TRUE,Real,education
pdfcandy.com,TRUE,Real,education
time.is,TRUE,Real,education
navy.mil,TRUE,Real,education
smarturl.it,TRUE,Real,education
wgu.edu,TRUE,Real,education
worldpopulationreview.com,TRUE,Real,education
gradesaver.com,TRUE,Real,education
scitation.org,TRUE,Real,education
online-stopwatch.com,TRUE,Real,education
momjunction.com,TRUE,Real,education
runescape.wiki,TRUE,Real,education
uga.edu,TRUE,Real,education
amazon.in,TRUE,Real,business
adobe.com,TRUE,Real,business
myshopify.com,TRUE,Real,business
salesforce.com,TRUE,Real,business
force.com,TRUE,Real,business
yelp.com,TRUE,Real,business
mailchimp.com,TRUE,Real,business
line.me,TRUE,Real,business
okta.com,TRUE,Real,business
wix.com,TRUE,Real,business
zendesk.com,TRUE,Real,business
shopify.com,TRUE,Real,business
weebly.com,TRUE,Real,business
siteadvisor.com,TRUE,Real,business
mgid.com,TRUE,Real,business
pinimg.com,TRUE,Real,business
zoho.com,TRUE,Real,business
fiverr.com,TRUE,Real,business
ups.com,TRUE,Real,business
norton.com,TRUE,Real,business
bitly.com,TRUE,Real,business
fedex.com,TRUE,Real,business
adp.com,TRUE,Real,business
evernote.com,TRUE,Real,business
payu.in,TRUE,Real,business
discogs.com,TRUE,Real,business
getawesome1.com,TRUE,Real,business
trustpilot.com,TRUE,Real,business
surveymonkey.com,TRUE,Real,business
hootsuite.com,TRUE,Real,business
dribbble.com,TRUE,Real,business
justdial.com,TRUE,Real,business
list-manage.com,TRUE,Real,business
artstation.com,TRUE,Real,business
getawesome2.com,TRUE,Real,business
techcrunch.com,TRUE,Real,business
squarespace.com,TRUE,Real,business
battle.net,TRUE,Real,business
payoneer.com,TRUE,Real,business
service-now.com,TRUE,Real,business
arcot.com,TRUE,Real,business
cisco.com,TRUE,Real,business
strava.com,TRUE,Real,business
chron.com,TRUE,Real,business
europa.eu,TRUE,Real,business
hubspot.com,TRUE,Real,business
ojooo.com,TRUE,Real,business
kijiji.ca,TRUE,Real,business
envato.com,TRUE,Real,business
oberlo.com,TRUE,Real,business
enstage-sas.com,TRUE,Real,business
getpocket.com,TRUE,Real,business
jimdo.com,TRUE,Real,business
aweber.com,TRUE,Real,business
uber.com,TRUE,Real,business
concursolutions.com,TRUE,Real,business
humblebundle.com,TRUE,Real,business
vcommission.com,TRUE,Real,business
disqus.com,TRUE,Real,business
qiita.com,TRUE,Real,business
constantcontact.com,TRUE,Real,business
wikiwand.com,TRUE,Real,business
yout.com,TRUE,Real,business
moviesearchcenter.com,TRUE,Real,business
verizon.com,TRUE,Real,business
editor.wix.com,TRUE,Real,business
unity3d.com,TRUE,Real,business
gtarcade.com,TRUE,Real,business
unity.com,TRUE,Real,business
dreamstime.com,TRUE,Real,business
freshdesk.com,TRUE,Real,business
manychat.com,TRUE,Real,business
smugmug.com,TRUE,Real,business
nsdl.com,TRUE,Real,business
arstechnica.com,TRUE,Real,business
nextdoor.com,TRUE,Real,business
thebalancecareers.com,TRUE,Real,business
linkshrink.net,TRUE,Real,business
shopee.com.my,TRUE,Real,business
samplicio.us,TRUE,Real,business
rightmove.co.uk,TRUE,Real,business
valuecommerce.com,TRUE,Real,business
getresponse.com,TRUE,Real,business
sbicard.com,TRUE,Real,business
squareup.com,TRUE,Real,business
viki.com,TRUE,Real,business
dhl.com,TRUE,Real,business
xero.com,TRUE,Real,business
netsuite.com,TRUE,Real,business
realestate.com.au,TRUE,Real,business
ultipro.com,TRUE,Real,business
sap.com,TRUE,Real,business
sf-express.com,TRUE,Real,business
pinterest.co.uk,TRUE,Real,business
99acres.com,TRUE,Real,business
payzippy.com,TRUE,Real,business
videohive.net,TRUE,Real,business
bigcommerce.com,TRUE,Real,business
jio.com,TRUE,Real,business
entrepreneur.com,TRUE,Real,business
bungie.net,TRUE,Real,business
greenhouse.io,TRUE,Real,business
fotor.com,TRUE,Real,business
icims.com,TRUE,Real,business
warriorplus.com,TRUE,Real,business
adobelogin.com,TRUE,Real,business
timebucks.com,TRUE,Real,business
typeform.com,TRUE,Real,business
247sports.com,TRUE,Real,business
inc.com,TRUE,Real,business
skrill.com,TRUE,Real,business
trafficfactory.biz,TRUE,Real,business
invisionapp.com,TRUE,Real,business
later.com,TRUE,Real,business
glassdoor.co.in,TRUE,Real,business
jvzoo.com,TRUE,Real,business
cardinalcommerce.com,TRUE,Real,business
cbslocal.com,TRUE,Real,business
tatasky.com,TRUE,Real,business
creativemarket.com,TRUE,Real,business
narvar.com,TRUE,Real,business
onlyfans.com,TRUE,Real,business
timeout.com,TRUE,Real,business
payumoney.com,TRUE,Real,business
indiegogo.com,TRUE,Real,business
livechatinc.com,TRUE,Real,business
tableau.com,TRUE,Real,business
mailchi.mp,TRUE,Real,business
thomsonreuters.com,TRUE,Real,business
mindbodyonline.com,TRUE,Real,business
mango.com,TRUE,Real,business
mastercard.com.au,TRUE,Real,business
sendgrid.com,TRUE,Real,business
amazon.jobs,TRUE,Real,business
kaspersky.com,TRUE,Real,business
arcgis.com,TRUE,Real,business
infusionsoft.com,TRUE,Real,business
ecleneue.com,TRUE,Real,business
geico.com,TRUE,Real,business
placeit.net,TRUE,Real,business
cint.com,TRUE,Real,business
appfolio.com,TRUE,Real,business
genndi.com,TRUE,Real,business
katfile.com,TRUE,Real,business
aftership.com,TRUE,Real,business
tradedoubler.com,TRUE,Real,business
kensaq.com,TRUE,Real,business
ccavenue.com,TRUE,Real,business
cj.com,TRUE,Real,business
lever.co,TRUE,Real,business
renderforest.com,TRUE,Real,business
shareasale.com,TRUE,Real,business
revcontent.com,TRUE,Real,business
lnk.to,TRUE,Real,business
tcs.com,TRUE,Real,business
fastcompany.com,TRUE,Real,business
bbb.org,TRUE,Real,business
gleam.io,TRUE,Real,business
syf.com,TRUE,Real,business
brandcrowd.com,TRUE,Real,business
researchnow.com,TRUE,Real,business
hackerrank.com,TRUE,Real,business
foursquare.com,TRUE,Real,business
hotjar.com,TRUE,Real,business
ucoz.net,TRUE,Real,business
starbucks.com,TRUE,Real,business
wallapop.com,TRUE,Real,business
tinylink.run,TRUE,Real,business
smarter.com,TRUE,Real,business
pinterest.com.au,TRUE,Real,business
mapquest.com,TRUE,Real,business
bizjournals.com,TRUE,Real,business
etherscan.io,TRUE,Real,business
viber.com,TRUE,Real,business
tmearn.com,TRUE,Real,business
dubizzle.com,TRUE,Real,business
here.com,TRUE,Real,business
techsmith.com,TRUE,Real,business
gigya.com,TRUE,Real,business
siemens.com,TRUE,Real,business
copart.com,TRUE,Real,business
ckk.ai,TRUE,Real,business
waveapps.com,TRUE,Real,business
izooto.com,TRUE,Real,business
buffer.com,TRUE,Real,business
payu.com,TRUE,Real,business
amadeus.com,TRUE,Real,business
thepointsguy.com,TRUE,Real,business
textnow.com,TRUE,Real,business
donationalerts.com,TRUE,Real,business
centurylink.com,TRUE,Real,business
templatemonster.com,TRUE,Real,business
evite.com,TRUE,Real,business
imdb.com,TRUE,Real,entertainment
fandom.com,TRUE,Real,entertainment
dailymotion.com,TRUE,Real,entertainment
primevideo.com,TRUE,Real,entertainment
deviantart.com,TRUE,Real,entertainment
weather.com,TRUE,Real,entertainment
genius.com,TRUE,Real,entertainment
goodreads.com,TRUE,Real,entertainment
buzzfeed.com,TRUE,Real,entertainment
op.gg,TRUE,Real,entertainment
crunchyroll.com,TRUE,Real,entertainment
brobible.com,TRUE,Real,entertainment
myanimelist.net,TRUE,Real,entertainment
gmanetwork.com,TRUE,Real,entertainment
ultimate-guitar.com,TRUE,Real,entertainment
hellomagazine.com,TRUE,Real,entertainment
rottentomatoes.com,TRUE,Real,entertainment
giphy.com,TRUE,Real,entertainment
gizmodo.com,TRUE,Real,entertainment
hotnewhiphop.com,TRUE,Real,entertainment
voot.com,TRUE,Real,entertainment
dstv.com,TRUE,Real,entertainment
gogoanime.io,TRUE,Real,entertainment
kissasian.sh,TRUE,Real,entertainment
narcity.com,TRUE,Real,entertainment
knowyourmeme.com,TRUE,Real,entertainment
people.com,TRUE,Real,entertainment
astrologyanswers.com,TRUE,Real,entertainment
wuxiaworld.com,TRUE,Real,entertainment
ubi.com,TRUE,Real,entertainment
celebrityinsider.org,TRUE,Real,entertainment
azlyrics.com,TRUE,Real,entertainment
nbc.com,TRUE,Real,entertainment
horriblesubs.info,TRUE,Real,entertainment
tmz.com,TRUE,Real,entertainment
filmaffinity.com,TRUE,Real,entertainment
polygon.com,TRUE,Real,entertainment
mydramalist.com,TRUE,Real,entertainment
televisionfanatic.com,TRUE,Real,entertainment
mangareader.net,TRUE,Real,entertainment
fandango.com,TRUE,Real,entertainment
avclub.com,TRUE,Real,entertainment
wegotthiscovered.com,TRUE,Real,entertainment
kshow123.net,TRUE,Real,entertainment
gamesradar.com,TRUE,Real,entertainment
movieweb.com,TRUE,Real,entertainment
tuko.co.ke,TRUE,Real,entertainment
billboard.com,TRUE,Real,entertainment
rollingstone.com,TRUE,Real,entertainment
boardgamegeek.com,TRUE,Real,entertainment
kotaku.com,TRUE,Real,entertainment
plurk.com,TRUE,Real,entertainment
screenrant.com,TRUE,Real,entertainment
ew.com,TRUE,Real,entertainment
justwatch.com,TRUE,Real,entertainment
themoviedb.org,TRUE,Real,entertainment
variety.com,TRUE,Real,entertainment
cosmopolitan.com,TRUE,Real,entertainment
dailywire.com,TRUE,Real,entertainment
vulture.com,TRUE,Real,entertainment
hollywoodreporter.com,TRUE,Real,entertainment
musixmatch.com,TRUE,Real,entertainment
gqbuzz.com,TRUE,Real,entertainment
nydailynews.com,TRUE,Real,entertainment
nme.com,TRUE,Real,entertainment
itv.com,TRUE,Real,entertainment
fortnitetracker.com,TRUE,Real,entertainment
123telugu.com,TRUE,Real,entertainment
digitalspy.com,TRUE,Real,entertainment
elle.com,TRUE,Real,entertainment
fontsquirrel.com,TRUE,Real,entertainment
movieranker.com,TRUE,Real,entertainment
indiaglitz.com,TRUE,Real,entertainment
cc.com,TRUE,Real,entertainment
allkpop.com,TRUE,Real,entertainment
alphacoders.com,TRUE,Real,entertainment
dramacool.video,TRUE,Real,entertainment
comicbook.com,TRUE,Real,entertainment
cwtv.com,TRUE,Real,entertainment
bt.co,TRUE,Real,entertainment
tenor.com,TRUE,Real,entertainment
soompi.com,TRUE,Real,entertainment
mangapanda.com,TRUE,Real,entertainment
webnovel.com,TRUE,Real,entertainment
gq.com,TRUE,Real,entertainment
waploaded.com,TRUE,Real,entertainment
zergnet.com,TRUE,Real,entertainment
kissanime.si,TRUE,Real,entertainment
marinetraffic.com,TRUE,Real,entertainment
myasiantv.to,TRUE,Real,entertainment
warcrafttavern.com,TRUE,Real,entertainment
9jaflaver.com,TRUE,Real,entertainment
redbull.com,TRUE,Real,entertainment
moviefone.com,TRUE,Real,entertainment
fanfox.net,TRUE,Real,entertainment
mangago.me,TRUE,Real,entertainment
mtlblog.com,TRUE,Real,entertainment
kiss-anime.ws,TRUE,Real,entertainment
optifine.net,TRUE,Real,entertainment
hentai2read.com,TRUE,Real,entertainment
anime-planet.com,TRUE,Real,entertainment
myspace.com,TRUE,Real,entertainment
mxplayer.in,TRUE,Real,entertainment
radiotimes.com,TRUE,Real,entertainment
tvline.com,TRUE,Real,entertainment
yesmovies.to,TRUE,Real,entertainment
mtggoldfish.com,TRUE,Real,entertainment
hearthpwn.com,TRUE,Real,entertainment
pcgamesn.com,TRUE,Real,entertainment
tmdb.org,TRUE,Real,entertainment
gocomics.com,TRUE,Real,entertainment
gearboxsoftware.com,TRUE,Real,entertainment
zestradar.com,TRUE,Real,entertainment
asianwiki.com,TRUE,Real,entertainment
animenewsnetwork.com,TRUE,Real,entertainment
theroot.com,TRUE,Real,entertainment
slashfilm.com,TRUE,Real,entertainment
marvel.com,TRUE,Real,entertainment
medianewpagesearch.com,TRUE,Real,entertainment
trakt.tv,TRUE,Real,entertainment
minecraftskins.com,TRUE,Real,entertainment
stan.com.au,TRUE,Real,entertainment
tvplusnewtabsearch.com,TRUE,Real,entertainment
pogdesign.co.uk,TRUE,Real,entertainment
panzoid.com,TRUE,Real,entertainment
mp4upload.com,TRUE,Real,entertainment
gistreel.com,TRUE,Real,entertainment
theringer.com,TRUE,Real,entertainment
denofgeek.com,TRUE,Real,entertainment
blu-ray.com,TRUE,Real,entertainment
kimcartoon.to,TRUE,Real,entertainment
steemit.com,TRUE,Real,entertainment
uproxx.com,TRUE,Real,entertainment
editorchoice.com,TRUE,Real,entertainment
justjared.com,TRUE,Real,entertainment
vrv.co,TRUE,Real,entertainment
indimusic.tv,TRUE,Real,entertainment
zimbio.com,TRUE,Real,entertainment
rvcj.com,TRUE,Real,entertainment
kissanime.ac,TRUE,Real,entertainment
gogoanime.tv,TRUE,Real,entertainment
mangapark.net,TRUE,Real,entertainment
indiewire.com,TRUE,Real,entertainment
cbr.com,TRUE,Real,entertainment
iflix.com,TRUE,Real,entertainment
rrdiscovery.com,TRUE,Real,entertainment
chia-anime.tv,TRUE,Real,entertainment
bronav.com,TRUE,Real,entertainment
dramacool9.co,TRUE,Real,entertainment
getcomics.info,TRUE,Real,entertainment
cinemablend.com,TRUE,Real,entertainment
collider.com,TRUE,Real,entertainment
insearchoftheworldsmostbeautifulwoman.com,TRUE,Real,entertainment
bravotv.com,TRUE,Real,entertainment
realityblurb.com,TRUE,Real,entertainment
more.tv,TRUE,Real,entertainment
consequenceofsound.net,TRUE,Real,entertainment
fox.com,TRUE,Real,entertainment
iafd.com,TRUE,Real,entertainment
koreaboo.com,TRUE,Real,entertainment
metube.id,TRUE,Real,entertainment
listal.com,TRUE,Real,entertainment
santabanta.com,TRUE,Real,entertainment
sidereel.com,TRUE,Real,entertainment
mangahere.cc,TRUE,Real,entertainment
astrosage.com,TRUE,Real,entertainment
looper.com,TRUE,Real,entertainment
westeros.org,TRUE,Real,entertainment
explosm.net,TRUE,Real,entertainment
asianfans.net,TRUE,Real,entertainment
wallhaven.cc,TRUE,Real,entertainment
filmon.com,TRUE,Real,entertainment
mtv.com,TRUE,Real,entertainment
cineplex.com,TRUE,Real,entertainment
steamgifts.com,TRUE,Real,entertainment
directexpose.com,TRUE,Real,entertainment
lamag.com,TRUE,Real,entertainment
legendsdigitaltv.com,TRUE,Real,entertainment
femo.com,TRUE,Real,entertainment
metrolyrics.com,TRUE,Real,entertainment
xcloudgame.com,TRUE,Real,entertainment
anyanime.com,TRUE,Real,entertainment
prokerala.com,TRUE,Real,entertainment
bollywoodhungama.com,TRUE,Real,entertainment
anime2001.com,TRUE,Real,entertainment
pastemagazine.com,TRUE,Real,entertainment
bloody-disgusting.com,TRUE,Real,entertainment
teleserye.su,TRUE,Real,entertainment
crave.ca,TRUE,Real,entertainment
tubidy.mobi,TRUE,Real,entertainment
syfy.com,TRUE,Real,entertainment
warmane.com,TRUE,Real,entertainment
fxnetworks.com,TRUE,Real,entertainment
espn.com,TRUE,Real,sports
nfl.com,TRUE,Real,sports
cbssports.com,TRUE,Real,sports
motorsport.com,TRUE,Real,sports
mlb.com,TRUE,Real,sports
livescore.com,TRUE,Real,sports
ncaa.com,TRUE,Real,sports
bleacherreport.com,TRUE,Real,sports
nba.com,TRUE,Real,sports
beinsports.com,TRUE,Real,sports
nbcsports.com,TRUE,Real,sports
nhl.com,TRUE,Real,sports
fantasypros.com,TRUE,Real,sports
hltv.org,TRUE,Real,sports
goal.com,TRUE,Real,sports
skysports.com,TRUE,Real,sports
sofascore.com,TRUE,Real,sports
foxsports.com,TRUE,Real,sports
nesn.com,TRUE,Real,sports
probuilds.net,TRUE,Real,sports
soccerway.com,TRUE,Real,sports
pgatour.com,TRUE,Real,sports
baseball-reference.com,TRUE,Real,sports
givemesport.com,TRUE,Real,sports
si.com,TRUE,Real,sports
totalsportek.com,TRUE,Real,sports
rotoworld.com,TRUE,Real,sports
livescores.com,TRUE,Real,sports
futhead.com,TRUE,Real,sports
basketball-reference.com,TRUE,Real,sports
draftkings.com,TRUE,Real,sports
tsn.ca,TRUE,Real,sports
eurosport.com,TRUE,Real,sports
whoscored.com,TRUE,Real,sports
sportskeeda.com,TRUE,Real,sports
rivals.com,TRUE,Real,sports
sbnation.com,TRUE,Real,sports
pro-football-reference.com,TRUE,Real,sports
sofifa.com,TRUE,Real,sports
hesgoal.com,TRUE,Real,sports
sherdog.com,TRUE,Real,sports
theathletic.com,TRUE,Real,sports
uefa.com,TRUE,Real,sports
vividseats.com,TRUE,Real,sports
atptour.com,TRUE,Real,sports
covers.com,TRUE,Real,sports
forebet.com,TRUE,Real,sports
seatgeek.com,TRUE,Real,sports
transfermarkt.com,TRUE,Real,sports
vegasinsider.com,TRUE,Real,sports
totalprosports.com,TRUE,Real,sports
oddsportal.com,TRUE,Real,sports
transfermarkt.co.uk,TRUE,Real,sports
livesoccertv.com,TRUE,Real,sports
supersport.com,TRUE,Real,sports
yooying.com,TRUE,Real,sports
sportsnet.ca,TRUE,Real,sports
foxsportsgo.com,TRUE,Real,sports
sportingnews.com,TRUE,Real,sports
sportsmole.co.uk,TRUE,Real,sports
sporttube.com,TRUE,Real,sports
sportsflashes.com,TRUE,Real,sports
foxsports.com.au,TRUE,Real,sports
sportschatplace.com,TRUE,Real,sports
footybite.com,TRUE,Real,sports
futwiz.com,TRUE,Real,sports
nrl.com,TRUE,Real,sports
nascar.com,TRUE,Real,sports
mlbtraderumors.com,TRUE,Real,sports
realgm.com,TRUE,Real,sports
superbru.com,TRUE,Real,sports
pff.com,TRUE,Real,sports
milb.com,TRUE,Real,sports
tigerdroppings.com,TRUE,Real,sports
sports-reference.com,TRUE,Real,sports
worldchampionnetwork.com,TRUE,Real,sports
fifa.com,TRUE,Real,sports
arsenal.com,TRUE,Real,sports
saturdaydownsouth.com,TRUE,Real,sports
horseracingnation.com,TRUE,Real,sports
mmamania.com,TRUE,Real,sports
espn.co.uk,TRUE,Real,sports
footballstream.tv,TRUE,Real,sports
spotrac.com,TRUE,Real,sports
sport360.com,TRUE,Real,sports
teamrankings.com,TRUE,Real,sports
lakersnation.com,TRUE,Real,sports
winnersandwhiners.com,TRUE,Real,sports
dailyfaceoff.com,TRUE,Real,sports
espn.go.com,TRUE,Real,sports
bilasport.net,TRUE,Real,sports
newarena.com,TRUE,Real,sports
capfriendly.com,TRUE,Real,sports
hoofoot.com,TRUE,Real,sports
rotowire.com,TRUE,Real,sports
sportngin.com,TRUE,Real,sports
sporticos.com,TRUE,Real,sports
padi.com,TRUE,Real,sports
hockey-reference.com,TRUE,Real,sports
sportdigest.net,TRUE,Real,sports
espn.com.au,TRUE,Real,sports
tapology.com,TRUE,Real,sports
itftennis.com,TRUE,Real,sports
teamusa.org,TRUE,Real,sports
sportzbonanza.com,TRUE,Real,sports
bloodyelbow.com,TRUE,Real,sports
espnplus.com,TRUE,Real,sports
yardbarker.com,TRUE,Real,sports
hockeydb.com,TRUE,Real,sports
numberfire.com,TRUE,Real,sports
sportsrec.com,TRUE,Real,sports
livescore.com.tr,TRUE,Real,sports
legends2be.com,TRUE,Real,sports
athlonsports.com,TRUE,Real,sports
pac-12.com,TRUE,Real,sports
clutchpoints.com,TRUE,Real,sports
myteam11.com,TRUE,Real,sports
fansided.com,TRUE,Real,sports
afootballreport.com,TRUE,Real,sports
footytips.com.au,TRUE,Real,sports
supabets.co.za,TRUE,Real,sports
sny.tv,TRUE,Real,sports
cricfree.ws,TRUE,Real,sports
12up.com,TRUE,Real,sports
506sports.com,TRUE,Real,sports
bundesliga.com,TRUE,Real,sports
tennis.com,TRUE,Real,sports
caughtoffside.com,TRUE,Real,sports
bdixsports.com,TRUE,Real,sports
ronaldo7.net,TRUE,Real,sports
icc-cricket.com,TRUE,Real,sports
eurohoops.net,TRUE,Real,sports
eticketing.co.uk,TRUE,Real,sports
altcointrader.co.za,TRUE,Real,sports
olympic.org,TRUE,Real,sports
thebiglead.com,TRUE,Real,sports
scoresandodds.com,TRUE,Real,sports
tristatefootball.com,TRUE,Real,sports
sarugbymag.co.za,TRUE,Real,sports
espncdn.com,TRUE,Real,sports
thesportsdrop.com,TRUE,Real,sports
foxsportsasia.com,TRUE,Real,sports
footystats.org,TRUE,Real,sports
rotoballer.com,TRUE,Real,sports
tickpick.com,TRUE,Real,sports
golf.com,TRUE,Real,sports
leaguelane.com,TRUE,Real,sports
scout.com,TRUE,Real,sports
soccerstats.com,TRUE,Real,sports
purduesports.com,TRUE,Real,sports
lolskill.net,TRUE,Real,sports
statsalt.com,TRUE,Real,sports
dfsarmy.com,TRUE,Real,sports
tigernet.com,TRUE,Real,sports
texassports.com,TRUE,Real,sports
awesemo.com,TRUE,Real,sports
fantasycruncher.com,TRUE,Real,sports
beinsports.net,TRUE,Real,sports
ohiostatebuckeyes.com,TRUE,Real,sports
cricpick.in,TRUE,Real,sports
hdtvku.com,TRUE,Real,sports
myfootballhighlights.com,TRUE,Real,sports
mitchellandness.com,TRUE,Real,sports
basketballinsiders.com,TRUE,Real,sports
pba.ph,TRUE,Real,sports
kenpom.com,TRUE,Real,sports
topdrawersoccer.com,TRUE,Real,sports
pointstreak.com,TRUE,Real,sports
tribalfootball.com,TRUE,Real,sports
lta.org.uk,TRUE,Real,sports
basketballmonster.com,TRUE,Real,sports
razzball.com,TRUE,Real,sports
prosoccer.gr,TRUE,Real,sports
pesdb.net,TRUE,Real,sports
footballlocks.com,TRUE,Real,sports
espnf1.com,TRUE,Real,sports
secsports.com,TRUE,Real,sports
nhra.com,TRUE,Real,sports
tiebreaker.com,TRUE,Real,sports
goduke.com,TRUE,Real,sports
fantasysp.com,TRUE,Real,sports
surebet.com,TRUE,Real,sports
teamtalk.com,TRUE,Real,sports
rugbypass.com,TRUE,Real,sports
atptennis.com,TRUE,Real,sports
printyourbrackets.com,TRUE,Real,sports
fih.ch,TRUE,Real,sports
eurosport.co.uk,TRUE,Real,sports
aljazeerasport.net,TRUE,Real,sports
lineups.com,TRUE,Real,sports
sportslens.com,TRUE,Real,sports
sportsplays.com,TRUE,Real,sports
volleyball.world,TRUE,Real,sports
