source,ourDatabase,databaseLabel
hollywoodlife.com,TRUE,Fake
radaronline.com,TRUE,Fake
newidea.com.au,TRUE,Fake
yournewswire.com,TRUE,Fake
madworldnews.com,TRUE,Fake
thecommonsenseshow.com,TRUE,Fake
disclose.tv,TRUE,Fake
pakalertpress.com,TRUE,Fake
collective-evolution.com,TRUE,Fake
fellowshipoftheminds.com,TRUE,Fake
govtslaves.info,TRUE,Fake
investmentwatchblog.com,TRUE,Fake
jewsnews.co.il,TRUE,Fake
occupydemocrats.com,TRUE,Fake
twitchy.com,TRUE,Fake
worldtruth.tv,TRUE,Fake
abovetopsecret.com,TRUE,Fake
activistpost.com,TRUE,Fake
amren.com,TRUE,Fake
amtvmedia.com,TRUE,Fake
awdnews.com,TRUE,Fake
barenakedislam.com,TRUE,Fake
blacklistednews.com,TRUE,Fake
conservativetribune.com,TRUE,Fake
counterpunch.org,TRUE,Fake
davidstockmanscontracorner.com,TRUE,Fake
dcclothesline.com,TRUE,Fake
elmundotoday.com,TRUE,Fake
eutimes.net,TRUE,Fake
fromthetrenchesworldreport.com,TRUE,Fake
frontpagemag.com,TRUE,Fake
greanvillepost.com,TRUE,Fake
humansarefree.com,TRUE,Fake
ifyouonlynews.com,TRUE,Fake
ihavethetruth.com,TRUE,Fake
lewrockwell.com,TRUE,Fake
liberalamerica.org,TRUE,Fake
libertyunyielding.com,TRUE,Fake
nakedcapitalism.com,TRUE,Fake
naturalblaze.com,TRUE,Fake
pravdareport.com,TRUE,Fake
presstv.ir,TRUE,Fake
returnofkings.com,TRUE,Fake
rinf.com,TRUE,Fake
shtfplan.com,TRUE,Fake
silverdoctors.com,TRUE,Fake
thedailysheeple.com,TRUE,Fake
theeventchronicle.com,TRUE,Fake
thefederalistpapers.org,TRUE,Fake
thenewamerican.com,TRUE,Fake
thepoke.co.uk,TRUE,Fake
thesleuthjournal.com,TRUE,Fake
topinfopost.com,TRUE,Fake
trueactivist.com,TRUE,Fake
trunews.com,TRUE,Fake
truthdig.com,TRUE,Fake
truthfeed.com,TRUE,Fake
vdare.com,TRUE,Fake
veteransnewsnow.com,TRUE,Fake
freedomoutpost.com,TRUE,Fake
journal-neo.org,TRUE,Fake
mintpressnews.com,TRUE,Fake
russia-insider.com,TRUE,Fake
sott.net,TRUE,Fake
thefreethoughtproject.com,TRUE,Fake
thesaker.is,TRUE,Fake
voltairenet.org,TRUE,Fake
washingtonsblog.com,TRUE,Fake
wearechange.org,TRUE,Fake
godlikeproductions.com,TRUE,Fake
galacticconnection.com,TRUE,Fake
informationclearinghouse.info,TRUE,Fake
shiftfrequency.com,TRUE,Fake
veteranstoday.com,TRUE,Fake
fort-russ.com,TRUE,Fake
blackagendareport.com,TRUE,Fake
endtime.com,TRUE,Fake
der-postillon.com,TRUE,Fake
prisonplanet.com,TRUE,Fake
consortiumnews.com,TRUE,Fake
dailystormer.com,TRUE,Fake
nowtheendbegins.com,TRUE,Fake
kingworldnews.com,TRUE,Fake
intouchweekly.com,TRUE,Fake
themindunleashed.com,TRUE,Fake
intellihub.com,TRUE,Fake
realfarmacy.com,TRUE,Fake
ahtribune.com,TRUE,Fake
whydontyoutrythis.com,TRUE,Fake
guardianlv.com,TRUE,Fake
okmagazine.com,TRUE,Fake
therussophile.org,TRUE,Fake
filmsforaction.org,TRUE,Fake
ronpaulinstitute.org,TRUE,Fake
intrepidreport.com,TRUE,Fake
thetruthseeker.co.uk,TRUE,Fake
unz.com,TRUE,Fake
thecontroversialfiles.net,TRUE,Fake
theunrealtimes.com,TRUE,Fake
nationalenquirer.com,TRUE,Fake
lifeandstylemag.com,TRUE,Fake
beforeitsnews.com,TRUE,Fake
paulcraigroberts.org,TRUE,Fake
shadowproof.com,TRUE,Fake
davidduke.com,TRUE,Fake
pagesix.com,TRUE,Fake
thehollywoodgossip.com,TRUE,Fake
wakingtimes.com,TRUE,Fake
anonhq.com,TRUE,Fake
healthimpactnews.com,TRUE,Fake
libertynews.com,TRUE,Fake
endingthefed.com,TRUE,Fake
gulagbound.com,TRUE,Fake
rbth.com,TRUE,Fake
truthbroadcastnetwork.com,TRUE,Fake
thedailybell.com,TRUE,Fake
100percentfedup.com,TRUE,Fake
darkmoon.me,TRUE,Fake
corbettreport.com,TRUE,Fake
fognews.ru,TRUE,Fake
survivopedia.com,TRUE,Fake
theeconomiccollapseblog.com,TRUE,Fake
investmentresearchdynamics.com,TRUE,Fake
dailywire.com,TRUE,Fake
ibtimes.co.in,TRUE,Fake
readynutrition.com,TRUE,Fake
endoftheamericandream.com,TRUE,Fake
21stcenturywire.com,TRUE,Fake
moonofalabama.org,TRUE,Fake
aceshowbiz.com,TRUE,Fake
libertyblitzkrieg.com,TRUE,Fake
ibtimes.com,TRUE,Fake
thedailywtf.com,TRUE,Fake
usuncut.com,TRUE,Fake
celebdirtylaundry.com,TRUE,Fake
celebitchy.com,TRUE,Fake
foreignpolicyjournal.com,TRUE,Fake
abeldanger.net,TRUE,Fake
addictinginfo.org,TRUE,Fake
conservativedailypost.com,TRUE,Fake
russia-direct.org,TRUE,Fake
undergroundhealth.com,TRUE,Fake
wonderwall.com,TRUE,Fake
pravda.ru,TRUE,Fake
politicususa.com,TRUE,Fake
geoengineeringwatch.org,TRUE,Fake
katehon.com,TRUE,Fake
redflagnews.com,TRUE,Fake
trendolizer.com,TRUE,Fake
dennismichaellynch.com,TRUE,Fake
extratv.com,TRUE,Fake
starmagazine.com,TRUE,Fake
departed.co,TRUE,Fake
libertywritersnews.com,TRUE,Fake
marriedbiography.com,TRUE,Fake
yourtango.com,TRUE,Fake
naturalnews.com,TRUE,Fake
justjared.com,TRUE,Fake
femalefirst.co.uk,TRUE,Fake
patriotrising.com,TRUE,Fake
sgtreport.com,TRUE,Fake
theduran.com,TRUE,Fake
newcenturytimes.com,TRUE,Fake
whatreallyhappened.com,TRUE,Fake
wmagazine.com,TRUE,Fake
coasttocoastam.com,TRUE,Fake
donaldtrumpnews.co,TRUE,Fake
nutritionfacts.org,TRUE,Fake
teenvogue.com,TRUE,Fake
westernjournalism.com,TRUE,Fake
girlfriend.com.au,TRUE,Fake
ibtimes.co.uk,TRUE,Fake
morningnewsusa.com,TRUE,Fake
usapoliticsnow.com,TRUE,Fake
bipartisanreport.com,TRUE,Fake
closerweekly.com,TRUE,Fake
nowtolove.com.au,TRUE,Fake
orientalreview.org,TRUE,Fake
strategic-culture.org,TRUE,Fake
thisisinsider.com,TRUE,Fake
wetpaint.com,TRUE,Fake
americanlookout.com,TRUE,Fake
complex.com,TRUE,Fake
theantimedia.org,TRUE,Fake
wikileaks.org,TRUE,Fake
x17online.com,TRUE,Fake
wnd.com,TRUE,Fake
hangthebankers.com,TRUE,Fake
newstarget.com,TRUE,Fake
ok.co.uk,TRUE,Fake
spinzon.com,TRUE,Fake
usanewsflash.com,TRUE,Fake
eonline.com,TRUE,Fake
etonline.com,TRUE,Fake
blogspot.com,TRUE,Fake
bossip.com,TRUE,Fake
magafeed.com,TRUE,Fake
off-guardian.org,TRUE,Fake
react365.com,TRUE,Fake
romper.com,TRUE,Fake
southfront.org,TRUE,Fake
celebritynetworth.com,TRUE,Fake
hollywoodreporter.com,TRUE,Fake
usmagazine.com,TRUE,Fake
americannews.com,TRUE,Fake
breakingnews365.net,TRUE,Fake
celebuzz.com,TRUE,Fake
cosmopolitan.com.au,TRUE,Fake
ellentube.com,TRUE,Fake
irishmirror.ie,TRUE,Fake
j-14.com,TRUE,Fake
theearthchild.co.za,TRUE,Fake
usasupreme.com,TRUE,Fake
usatwentyfour.com,TRUE,Fake
viralliberty.com,TRUE,Fake
presstv.com,TRUE,Fake
americasfreedomfighters.com,TRUE,Fake
anonews.co,TRUE,Fake
bet.com,TRUE,Fake
break.com,TRUE,Fake
brit.co,TRUE,Fake
capitalfm.com,TRUE,Fake
christianpost.com,TRUE,Fake
contactmusic.com,TRUE,Fake
dailyfeed.news,TRUE,Fake
enstarz.com,TRUE,Fake
entertainmentdaily.co.uk,TRUE,Fake
fashionmagazine.com,TRUE,Fake
glamourmagazine.co.uk,TRUE,Fake
harpersbazaar.com.au,TRUE,Fake
hellogiggles.com,TRUE,Fake
indiaarising.com,TRUE,Fake
journalpost.com,TRUE,Fake
kinggossip.com,TRUE,Fake
mcarchives.com,TRUE,Fake
me.me,TRUE,Fake
mediamass.net,TRUE,Fake
mtonews.com,TRUE,Fake
naughtygossip.com,TRUE,Fake
neonnettle.com,TRUE,Fake
other98.com,TRUE,Fake
politicot.com,TRUE,Fake
popculture.com,TRUE,Fake
prepperwebsite.com,TRUE,Fake
regated.com,TRUE,Fake
seventeen.com,TRUE,Fake
thelastlineofdefense.org,TRUE,Fake
toprightnews.com,TRUE,Fake
usanewsinsider.com,TRUE,Fake
vh1.com,TRUE,Fake
vigilantcitizen.com,TRUE,Fake
infowars.com,TRUE,Fake
bravotv.com,TRUE,Fake
vanityfair.com,TRUE,Fake
125sites.com,TRUE,Fake
abcnews.com.co,TRUE,Fake
accessonline.com,TRUE,Fake
ajc.com,TRUE,Fake
babe.net,TRUE,Fake
breakingnews247.net,TRUE,Fake
cairnspost.com.au,TRUE,Fake
countercurrents.org,TRUE,Fake
dailybuzzlive.com,TRUE,Fake
dailyedge.ie,TRUE,Fake
dailyheadlines.net,TRUE,Fake
datalounge.com,TRUE,Fake
econotimes.com,TRUE,Fake
empireherald.com,TRUE,Fake
etcanada.com,TRUE,Fake
evoke.ie,TRUE,Fake
fortune.com,TRUE,Fake
freedomdaily.com,TRUE,Fake
gobankingrates.com,TRUE,Fake
goldderby.com,TRUE,Fake
heatworld.com,TRUE,Fake
marieclaire.com.au,TRUE,Fake
meaww.com,TRUE,Fake
myz99.com,TRUE,Fake
newsbreakshere.com,TRUE,Fake
newslo.com,TRUE,Fake
newslocker.com,TRUE,Fake
notallowedto.com,TRUE,Fake
novom.ru,TRUE,Fake
now8news.com,TRUE,Fake
observeronline.news,TRUE,Fake
our.news,TRUE,Fake
politicono.com,TRUE,Fake
puppetstringnews.com,TRUE,Fake
revelist.com,TRUE,Fake
revolt.tv,TRUE,Fake
satirewire.com,TRUE,Fake
smag31.com,TRUE,Fake
tasteofcountry.com,TRUE,Fake
thenational.ae,TRUE,Fake
therichest.com,TRUE,Fake
therundownlive.com,TRUE,Fake
twoeggz.com,TRUE,Fake
usacarry.com,TRUE,Fake
vt.co,TRUE,Fake
wdjx.com,TRUE,Fake
bustle.com,TRUE,Fake
inquisitr.com,TRUE,Fake
celebrityinsider.org,TRUE,Fake
blastingnews.com,TRUE,Fake
mercurynews.com,TRUE,Fake
sputniknews.com,TRUE,Fake
elitedaily.com,TRUE,Fake
hellomagazine.com,TRUE,Fake
deadline.com,TRUE,Fake
rt.com,TRUE,Fake
actionnews3.com,TRUE,Fake
albawaba.com,TRUE,Fake
alivetales.com,TRUE,Fake
allnews4us.com,TRUE,Fake
allnewspipeline.com,TRUE,Fake
allthingsoneplace.me,TRUE,Fake
alternativemediasyndicate.com,TRUE,Fake
anews24.org,TRUE,Fake
ayresearch.com,TRUE,Fake
bighairynews.com,TRUE,Fake
bramptonguardian.com,TRUE,Fake
calgarysun.com,TRUE,Fake
cannasos.com,TRUE,Fake
cap-news.com,TRUE,Fake
capitalxtra.com,TRUE,Fake
channel18news.com,TRUE,Fake
channel24news.com,TRUE,Fake
chatelaine.com,TRUE,Fake
cityworldnews.com,TRUE,Fake
civictribune.com,TRUE,Fake
clashdaily.com,TRUE,Fake
clipsg.com,TRUE,Fake
clipzui.com,TRUE,Fake
coed.com,TRUE,Fake
consciouslifenews.com,TRUE,Fake
conservativebyte.com,TRUE,Fake
conservativefighters.com,TRUE,Fake
dailyheadlines.com,TRUE,Fake
dailynewsposts.info,TRUE,Fake
dailysurge.com,TRUE,Fake
davidwolfe.com,TRUE,Fake
dcgazette.com,TRUE,Fake
downtrend.com,TRUE,Fake
elle.com.au,TRUE,Fake
emirates247.com,TRUE,Fake
eveningw.com,TRUE,Fake
ewao.com,TRUE,Fake
fakingnews.com,TRUE,Fake
feedstripes.com,TRUE,Fake
flashnewscorner.com,TRUE,Fake
flashnewss.club,TRUE,Fake
freeinfomedia.com,TRUE,Fake
her.ie,TRUE,Fake
ibtimes.sg,TRUE,Fake
immediatesafety.org,TRUE,Fake
in5d.com,TRUE,Fake
infostormer.com,TRUE,Fake
instylemag.com.au,TRUE,Fake
itaglive.com,TRUE,Fake
kellyandryan.com,TRUE,Fake
ladylibertysnews.com,TRUE,Fake
mainerepublicemailalert.com,TRUE,Fake
majorthoughts.com,TRUE,Fake
mamamia.com.au,TRUE,Fake
marieclaire.co.uk,TRUE,Fake
marthastewartweddings.com,TRUE,Fake
mentor2day.com,TRUE,Fake
myfreshnews.com,TRUE,Fake
mynewsla.com,TRUE,Fake
news4ktla.com,TRUE,Fake
newscrane.com,TRUE,Fake
newsexaminer.net,TRUE,Fake
newsfrompolitics.com,TRUE,Fake
newsuptoday.com,TRUE,Fake
newswatch28.com,TRUE,Fake
newswithviews.com,TRUE,Fake
nova969.com.au,TRUE,Fake
now100fm.com,TRUE,Fake
nrtonline.info,TRUE,Fake
nyeveningnews.com,TRUE,Fake
onecountry.com,TRUE,Fake
onepoliticalplaza.com,TRUE,Fake
patriotcrier.com,TRUE,Fake
plasticsurgerypeople.com,TRUE,Fake
player.fm,TRUE,Fake
politicalmayhem.news,TRUE,Fake
politicalsitenews.com,TRUE,Fake
popdust.com,TRUE,Fake
presidentialvoting2016.com,TRUE,Fake
pressfrom.com,TRUE,Fake
realitytvworld.com,TRUE,Fake
rearfront.com,TRUE,Fake
redbookmag.com,TRUE,Fake
redstatewatcher.com,TRUE,Fake
rense.com,TRUE,Fake
rickwells.us,TRUE,Fake
rogue-nation3.com,TRUE,Fake
rollingout.com,TRUE,Fake
spin.com,TRUE,Fake
steemit.com,TRUE,Fake
stormcloudsgathering.com,TRUE,Fake
subjectpolitics.com,TRUE,Fake
success-street.com,TRUE,Fake
syfy.com,TRUE,Fake
tasteofreality.com,TRUE,Fake
tdtalliance.com,TRUE,Fake
teaparty.org,TRUE,Fake
thebigriddle.com,TRUE,Fake
theblast.com,TRUE,Fake
thefreepatriot.org,TRUE,Fake
theglobalheadlines.net,TRUE,Fake
thenewyorkevening.com,TRUE,Fake
theracketreport.com,TRUE,Fake
therightists.com,TRUE,Fake
therightscoop.com,TRUE,Fake
theroyaluk.com,TRUE,Fake
theseattletribune.com,TRUE,Fake
thetalko.com,TRUE,Fake
thetruthdivision.com,TRUE,Fake
threepercenternation.com,TRUE,Fake
torontosun.com,TRUE,Fake
trendyfame.com,TRUE,Fake
trueamericans.me,TRUE,Fake
ultimateclassicrock.com,TRUE,Fake
undergroundworldnews.com,TRUE,Fake
unitedmediapublishing.com,TRUE,Fake
upi.com,TRUE,Fake
usamagazinestudio.com,TRUE,Fake
usanewstoday.com,TRUE,Fake
usleader.net,TRUE,Fake
uspostman.com,TRUE,Fake
usviewer.com,TRUE,Fake
viralactions.com,TRUE,Fake
vogue.com.au,TRUE,Fake
weeklyworldnews.com,TRUE,Fake
wikinow.co,TRUE,Fake
winningdemocrats.com,TRUE,Fake
wireler.com,TRUE,Fake
wjla.com,TRUE,Fake
wundergroundmusic.com,TRUE,Fake
xxlmag.com,TRUE,Fake
yesimright.com,TRUE,Fake
nickiswift.com,TRUE,Fake
observer.com,TRUE,Fake
express.co.uk,TRUE,Fake
brides.com,TRUE,Fake
metro.co.uk,TRUE,Fake
broadwayworld.com,TRUE,Fake
archive.is,TRUE,Fake
iheart.com,TRUE,Fake
elle.com,TRUE,Fake
archive.org,TRUE,Fake
variety.com,TRUE,Fake
thelist.com,TRUE,Fake
magzter.com,TRUE,Fake
ew.com,TRUE,Fake
sheknows.com,TRUE,Fake
thecut.com,TRUE,Fake
pressreader.com,TRUE,Fake
sacbee.com,TRUE,Fake
rssing.com,TRUE,Fake
cjws.win,TRUE,Fake
country929.com,TRUE,Fake
kvoo.com,TRUE,Fake
metdaan.com,TRUE,Fake
selftanning.com,TRUE,Fake
tvinsider.com,TRUE,Fake
wenn.com,TRUE,Fake
fury.news,TRUE,Fake
constitution.com,TRUE,Fake
loser.com,TRUE,Fake
nationalreport.net,TRUE,Fake
triggerreset.net,TRUE,Fake
liberaldarkness.com,TRUE,Fake
france24-tv.com,TRUE,Fake
amazingnews.net,TRUE,Fake
newsandstoriesfromusa.com,TRUE,Fake
southafricatoday.net,TRUE,Fake
blackpigeonspeaks.com,TRUE,Fake
gawken.com,TRUE,Fake
reagancoalition.com,TRUE,Fake
newswars.com,TRUE,Fake
oathkeepers.org,TRUE,Fake
brokenworldnews.com,TRUE,Fake
patriotfires.com,TRUE,Fake
thegoldwater.com,TRUE,Fake
resistancereport.com,TRUE,Fake
democraticreview.com,TRUE,Fake
truthexaminer.com,TRUE,Fake
milo.yiannopoulos.net,TRUE,Fake
abriluno.com,TRUE,Fake
frc.org,TRUE,Fake
theproudliberal.org,TRUE,Fake
freedumjunkshun.com,TRUE,Fake
beaware.one,TRUE,Fake
liberalsociety.com,TRUE,Fake
bluntforcetruth.com,TRUE,Fake
bb4sp.com,TRUE,Fake
americanpatriotdaily.com,TRUE,Fake
researchantisemitism.ca,TRUE,Fake
afa.net,TRUE,Fake
truthinmedia.com,TRUE,Fake
rightwingnews.com,TRUE,Fake
thepublicdiscourse.com,TRUE,Fake
renewamerica.com,TRUE,Fake
joeforamerica.com,TRUE,Fake
70news.wordpress.com,TRUE,Fake
surenews.com,TRUE,Fake
usaconservativereport.com,TRUE,Fake
redice.tv,TRUE,Fake
progresstribune.com,TRUE,Fake
patribotics.blog,TRUE,Fake
mbganews.com,TRUE,Fake
conservativemedia.com,TRUE,Fake
consmovement.com,TRUE,Fake
loonwatch.com,TRUE,Fake
thereligionofpeace.com,TRUE,Fake
voiceofeurope.com,TRUE,Fake
hoggwatch.com,TRUE,Fake
vidmax.com,TRUE,Fake
studionewsnetwork.com,TRUE,Fake
progressivestoday.com,TRUE,Fake
jihadwatch.org,TRUE,Fake
thepeoplestruth.com,TRUE,Fake
patrioticviralnews.com,TRUE,Fake
concernedwomen.org-blog,TRUE,Fake
speisa.com,TRUE,Fake
gotnews.com,TRUE,Fake
personalliberty.com,TRUE,Fake
trumpservativenews.info,TRUE,Fake
viraldevil.com,TRUE,Fake
thehornnews.com,TRUE,Fake
focusonthefamily.com,TRUE,Fake
rightalerts.com,TRUE,Fake
fairus.org,TRUE,Fake
takimag.com,TRUE,Fake
squawker.org,TRUE,Fake
pmnightlynews.com,TRUE,Fake
adflegal.org,TRUE,Fake
10news.one,TRUE,Fake
tmn.today,TRUE,Fake
acpeds.org,TRUE,Fake
o4anews.com,TRUE,Fake
therightstuff.biz,TRUE,Fake
realtimepolitics.com,TRUE,Fake
en-volve.com,TRUE,Fake
dailypresser.com,TRUE,Fake
dailyworldinformation.com,TRUE,Fake
freedomsfinalstand.com,TRUE,Fake
exposinggovernment.com,TRUE,Fake
londonwebnews.com,TRUE,Fake
newromantimes.com,TRUE,Fake
speakgov.com,TRUE,Fake
conservativepost.com,TRUE,Fake
clarionproject.org,TRUE,Fake
callthecops.net,TRUE,Fake
truthuncensored.net,TRUE,Fake
democraticmoms.com,TRUE,Fake
qpolitical.com,TRUE,Fake
truthrevolt.org,TRUE,Fake
thegatewaypundit.com,TRUE,Fake
conservativefiringline.com,TRUE,Fake
politicops.com,TRUE,Fake
defiantamerica.com,TRUE,Fake
teddystick.com,TRUE,Fake
stonecoldtruth.com,TRUE,Fake
plymouthpatriotpost.com,TRUE,Fake
remnantnewspaper.com,TRUE,Fake
unclesamsmisguidedchildren.com,TRUE,Fake
ageofshitlords.com,TRUE,Fake
undergroundjournalist.org,TRUE,Fake
nottnews.com,TRUE,Fake
defund.com,TRUE,Fake
knightstemplarinternational.com,TRUE,Fake
politicslive.net,TRUE,Fake
usadosenews.com,TRUE,Fake
conservative101.com,TRUE,Fake
sonsoflibertymedia.com,TRUE,Fake
nationalvanguard.org,TRUE,Fake
eaglerising.com,TRUE,Fake
defendevropa.org,TRUE,Fake
freetelegraph.com,TRUE,Fake
conservapedia.com-Main_Page,TRUE,Fake
theamericanmirror.com,TRUE,Fake
ruthinstitute.org,TRUE,Fake
informationliberation.com,TRUE,Fake
americantruthseekers.com,TRUE,Fake
themillenniumreport.com,TRUE,Fake
oppositionreport.com,TRUE,Fake
avoiceformen.com,TRUE,Fake
christwire.org,TRUE,Fake
usainfront.com,TRUE,Fake
infogalactic.com,TRUE,Fake
magapill.com,TRUE,Fake
newsblaze.com,TRUE,Fake
thenationalpatriot.com,TRUE,Fake
staresattheworld.com,TRUE,Fake
bluetribune.com,TRUE,Fake
thedcgazette.com,TRUE,Fake
newyorker.com-humor-borowitz-report,TRUE,Fake
freakoutnation.com,TRUE,Fake
steadfastandloyal.com,TRUE,Fake
tfp.org,TRUE,Fake
girlsjustwannahaveguns.com,TRUE,Fake
pacificpundit.com,TRUE,Fake
memri.org,TRUE,Fake
nationaleconomicseditorial.com,TRUE,Fake
cis.org,TRUE,Fake
consnation.com,TRUE,Fake
thelibertyeagle.com,TRUE,Fake
thewashingtonreporter.com,TRUE,Fake
mediazone.news,TRUE,Fake
imowired.com,TRUE,Fake
censored.news,TRUE,Fake
the-daily-news.co.uk,TRUE,Fake
freewoodpost.com,TRUE,Fake
truebluescoop.com,TRUE,Fake
rochdaleherald.co.uk,TRUE,Fake
thewashingtonstandard.com,TRUE,Fake
bannedinformation.com,TRUE,Fake
ilovemyfreedom.org,TRUE,Fake
hardnews.network,TRUE,Fake
ihypocrite.net,TRUE,Fake
usafirstinformation.com,TRUE,Fake
patriotupdate.com,TRUE,Fake
jewwatch.com,TRUE,Fake
dailycurrant.com,TRUE,Fake
allenwestrepublic.com,TRUE,Fake
lozierinstitute.org,TRUE,Fake
americanprinciplesproject.org,TRUE,Fake
cernovich.com,TRUE,Fake
christianaction.org,TRUE,Fake
conservativefreepress.com,TRUE,Fake
americantoday.news,TRUE,Fake
debka.com,TRUE,Fake
breitbart.com,TRUE,Fake
cnsnews.com,TRUE,Fake
americanjournalreview.com,TRUE,Fake
concernedwomen.org,TRUE,Fake
canadafreepress.com,TRUE,Fake
conservapedia.com,TRUE,Fake
blingnews.com,TRUE,Fake
discoverthenetworks.org,TRUE,Fake
altright.com,TRUE,Fake
pamelageller.com,TRUE,Fake
profam.org,TRUE,Fake
ghost.report,TRUE,Fake
factcheckingturkey.com,TRUE,Fake
myrightamerica.com,TRUE,Fake
judicialwatch.org,TRUE,Fake
dailystormer.name,TRUE,Fake
meforum.org,TRUE,Fake
usafortrumponline.com,TRUE,Fake
molonlabemedia.com,TRUE,Fake
prideof-america.org,TRUE,Fake
newnation.org,TRUE,Fake
polipace.com,TRUE,Fake
patriotbeat.com,TRUE,Fake
shariawatch.org.uk,TRUE,Fake
swampdrain.com,TRUE,Fake
lastresistance.com,TRUE,Fake
rightwingtribune.com,TRUE,Fake
digifection.com,TRUE,Fake
thenationalpulse.com,TRUE,Fake
mynewsguru.com,TRUE,Fake
understandingthethreat.com,TRUE,Fake
westernsentinel.com,TRUE,Fake
uschronicle.com,TRUE,Fake
12minutos.com,TRUE,Fake
79days.news,TRUE,Fake
911truth.org,TRUE,Fake
aapsonline.org,TRUE,Fake
alphanewsmn.com,TRUE,Fake
alternativenews.com,TRUE,Fake
althealthworks.com,TRUE,Fake
americanfreepress.net,TRUE,Fake
americanpeopledaily.com,TRUE,Fake
americansfortruth.com,TRUE,Fake
americanthinker.com,TRUE,Fake
americantruthtoday.com,TRUE,Fake
assassinationscience.com,TRUE,Fake
australiannationalreview.com,TRUE,Fake
awarenessact.com,TRUE,Fake
backroombuzz.com,TRUE,Fake
banned.video,TRUE,Fake
bestdailynews.info,TRUE,Fake
biggovernment.news,TRUE,Fake
bigleaguepolitics.com,TRUE,Fake
billionbibles.org,TRUE,Fake
biodefense.com,TRUE,Fake
bitchute.com,TRUE,Fake
blackeyepolitics.com,TRUE,Fake
blackgenocide.org,TRUE,Fake
breaking911.com,TRUE,Fake
breakingchristiannews.com,TRUE,Fake
breakingfirst.com,TRUE,Fake
bugout.news,TRUE,Fake
campusinsanity.com,TRUE,Fake
cancer.news,TRUE,Fake
carm.org,TRUE,Fake
cei.org,TRUE,Fake
cfact.org,TRUE,Fake
childrenshealthdefense.org,TRUE,Fake
chlorellafactor.com,TRUE,Fake
christianscience.com,TRUE,Fake
climate.news,TRUE,Fake
climatechangedispatch.com,TRUE,Fake
climatism.blog,TRUE,Fake
cloverchronicle.com,TRUE,Fake
cnn-globalnews.com,TRUE,Fake
cnn.com.de,TRUE,Fake
collapse.news,TRUE,Fake
conservativeammo.com,TRUE,Fake
conservativepoliticstoday,TRUE,Fake
conspiracydailyupdate.com,TRUE,Fake
consumerwellness.org,TRUE,Fake
cosmicintelligenceagency.com,TRUE,Fake
counterthink.com,TRUE,Fake
creation.com,TRUE,Fake
csglobe.com,TRUE,Fake
curiousmindmagazine.com,TRUE,Fake
dailyhealthpost.com,TRUE,Fake
dailyinsidernews.com,TRUE,Fake
dailyoccupation.com,TRUE,Fake
darkjournalist.com,TRUE,Fake
dataasylum.com,TRUE,Fake
davidharrisjr.com,TRUE,Fake
davidicke.com,TRUE,Fake
dcdirtylaundry.com,TRUE,Fake
deplorablekel.com,TRUE,Fake
discovery.org,TRUE,Fake
distributednews.com,TRUE,Fake
djhjmedia.com,TRUE,Fake
earthpulse.com,TRUE,Fake
ecology.news,TRUE,Fake
educate-yourself.org,TRUE,Fake
electroverse.net,TRUE,Fake
en.hawarnews.org,TRUE,Fake
en.metapedia.org,TRUE,Fake
en.newsner.com,TRUE,Fake
endthefed.org,TRUE,Fake
escapeallthesethings.com,TRUE,Fake
eugenics.news,TRUE,Fake
everylegalvote.com,TRUE,Fake
evil.news,TRUE,Fake
evolutionnews.org,TRUE,Fake
explainlife.com,TRUE,Fake
familysurvivalheadlines.com,TRUE,Fake
food.news,TRUE,Fake
foreverconscious.com,TRUE,Fake
fortherightnews.com,TRUE,Fake
freedom.news,TRUE,Fake
freedomadvocates.org,TRUE,Fake
friatider.se,TRUE,Fake
gaia.com,TRUE,Fake
gellerreport.com,TRUE,Fake
geoengineering.news,TRUE,Fake
geopol.institute,TRUE,Fake
getholistichealth.com,TRUE,Fake
glitch.news,TRUE,Fake
globalinfotoday.com,TRUE,Fake
globalresearch.ca,TRUE,Fake
globalskywatch.com,TRUE,Fake
globemagazine.com,TRUE,Fake
gmo.news,TRUE,Fake
gnews.org,TRUE,Fake
godandscience.org,TRUE,Fake
goodgopher.com,TRUE,Fake
goop.com,TRUE,Fake
gotquestions.org,TRUE,Fake
govtslaves.com,TRUE,Fake
grainoftruth.ca,TRUE,Fake
greatamericandaily.com,TRUE,Fake
greatamericanrepublic.com,TRUE,Fake
greenmedinfo.com,TRUE,Fake
greenvillegazette.com,TRUE,Fake
hannity.com,TRUE,Fake
healingfoodreference.com,TRUE,Fake
healingoracle.ch,TRUE,Fake
health.news,TRUE,Fake
healthnutnews.com,TRUE,Fake
healthranger.com,TRUE,Fake
healthrangerreport.com,TRUE,Fake
healthy-holistic-living.com,TRUE,Fake
healthyfoodhouse.com,TRUE,Fake
heartland.org,TRUE,Fake
herbreference.com,TRUE,Fake
hsionline.com,TRUE,Fake
iceagenow.info,TRUE,Fake
icr.org,TRUE,Fake
ihatethemedia.com,TRUE,Fake
ihealthtube.com,TRUE,Fake
ihr.org,TRUE,Fake
illicitinfo.com,TRUE,Fake
illuminati-news.com,TRUE,Fake
illuminatiwatcher.com,TRUE,Fake
infiniteunknown.net,TRUE,Fake
inforos.ru,TRUE,Fake
ingredients.news,TRUE,Fake
iowaclimate.org,TRUE,Fake
jesus-is-savior.com,TRUE,Fake
jesusdaily.com,TRUE,Fake
joebiden.news,TRUE,Fake
junkscience.com,TRUE,Fake
knowledgeoftoday.org,TRUE,Fake
larouchepac.com,TRUE,Fake
learntherisk.org,TRUE,Fake
leftaction.com,TRUE,Fake
leftcult.com,TRUE,Fake
leftexposed.org,TRUE,Fake
liberty.news,TRUE,Fake
libertyhangout.org,TRUE,Fake
libertyvideos.org,TRUE,Fake
libtards.news,TRUE,Fake
lifespa.com,TRUE,Fake
medicalmedium.com,TRUE,Fake
medicine.news,TRUE,Fake
mercola.com,TRUE,Fake
merica1st.com,TRUE,Fake
mixi.media,TRUE,Fake
moonbattery.com,TRUE,Fake
natall.com,TRUE,Fake
nationalfile.com,TRUE,Fake
nationalpolicy.institute,TRUE,Fake
nationalrighttolifenews.org,TRUE,Fake
nationalsecurity.news,TRUE,Fake
naturalmedicine.news,TRUE,Fake
naturalnewsblogs.com,TRUE,Fake
naturalnewsradio.com,TRUE,Fake
naturalpedia.com,TRUE,Fake
navarroreport.com,TRUE,Fake
needtoknow.news,TRUE,Fake
neverrepublican.com,TRUE,Fake
newobserveronline.com,TRUE,Fake
newsfeedhunter.com,TRUE,Fake
newsheist.com,TRUE,Fake
newspunch.com,TRUE,Fake
notrickszone.com,TRUE,Fake
npr.news,TRUE,Fake
nrlc.org,TRUE,Fake
nutrientreference.com,TRUE,Fake
nvic.org,TRUE,Fake
oann.com,TRUE,Fake
organicconsumers.org,TRUE,Fake
outragedpatriot.com,TRUE,Fake
overpassesforamerica.com,TRUE,Fake
oye.news,TRUE,Fake
pandemic.news,TRUE,Fake
pantsonfirenews.com,TRUE,Fake
parler.com,TRUE,Fake
patriots4truth.org,TRUE,Fake
pcmustdie.com,TRUE,Fake
pdmj.org,TRUE,Fake
politicsonline.net,TRUE,Fake
politifact.news,TRUE,Fake
pollution.news,TRUE,Fake
pop.org,TRUE,Fake
populist.press,TRUE,Fake
powderedwigsociety.com,TRUE,Fake
prageru.com,TRUE,Fake
prepareforchange.net,TRUE,Fake
principia-scientific.org,TRUE,Fake
prntly.com,TRUE,Fake
prophecynewswatch.com,TRUE,Fake
prophecytoday.com,TRUE,Fake
protrumpnews.com,TRUE,Fake
qanon.pub,TRUE,Fake
rapturenewsnetwork.com,TRUE,Fake
realclimatescience.com,TRUE,Fake
realjewnews.com,TRUE,Fake
realnews24.com,TRUE,Fake
realrawnews.com,TRUE,Fake
redwhiteandright.com,TRUE,Fake
returntonow.net,TRUE,Fake
revolutionradio.org,TRUE,Fake
righterway.com,TRUE,Fake
rightsidenews.com,TRUE,Fake
rightwing.news,TRUE,Fake
rumble.com,TRUE,Fake
rushlimbaugh.com,TRUE,Fake
sanevax.org,TRUE,Fake
savethemales.ca,TRUE,Fake
science.news,TRUE,Fake
secondamendmentdaily.com,TRUE,Fake
sheepkillers.com,TRUE,Fake
shoebat.com,TRUE,Fake
sickchirpse.com,TRUE,Fake
skeptiko.com,TRUE,Fake
smobserved.com,TRUE,Fake
snopes.news,TRUE,Fake
sonsof1776.com,TRUE,Fake
stateofthenation2012.com,TRUE,Fake
stillnessinthestorm.com,TRUE,Fake
stormfront.org,TRUE,Fake
summit.news,TRUE,Fake
supplementreference.com,TRUE,Fake
survivalblog.com,TRUE,Fake
sustainablepulse.com,TRUE,Fake
swarajyamag.com,TRUE,Fake
syrianews.cc,TRUE,Fake
talknetwork.com,TRUE,Fake
technocracy.news,TRUE,Fake
thebeardedpatriot.com,TRUE,Fake
thebreakingnews.com,TRUE,Fake
theconservativecentral.com,TRUE,Fake
theconservativetreehouse.com,TRUE,Fake
thedailyconspiracy.com,TRUE,Fake
theforbiddenknowledge.com,TRUE,Fake
thefreedomtimes.com,TRUE,Fake
thehealthyamerican.org,TRUE,Fake
thehighwire.com,TRUE,Fake
thelaughclub.net,TRUE,Fake
thelibertybeacon.com,TRUE,Fake
thepoliticalbrief.com,TRUE,Fake
thepoliticalinsider.com,TRUE,Fake
thespectator.info,TRUE,Fake
thetruthaboutcancer.com,TRUE,Fake
theunionjournal.com,TRUE,Fake
thinkamericana.com,TRUE,Fake
thinkinghumanity.com,TRUE,Fake
thinkingmomsrevolution.com,TRUE,Fake
thoughtcrimeradio.net,TRUE,Fake
thrivemovement.com,TRUE,Fake
torontotoday.net,TRUE,Fake
tpusa.com,TRUE,Fake
treason.news,TRUE,Fake
truepundit.com,TRUE,Fake
trueviralnews.com,TRUE,Fake
trump.news,TRUE,Fake
truthandaction.org,TRUE,Fake
truthmonitor.com,TRUE,Fake
twisted.news,TRUE,Fake
uniteamericafirst.com,TRUE,Fake
us24news.com,TRUE,Fake
usahitman.com,TRUE,Fake
usaisonline.com,TRUE,Fake
usareally.com,TRUE,Fake
usawatchdog.com,TRUE,Fake
usbacklash.org,TRUE,Fake
uslibertywire.com,TRUE,Fake
vaccineimpact.com,TRUE,Fake
vaccines.news,TRUE,Fake
vaccinesrevealed.com,TRUE,Fake
vactruth.com,TRUE,Fake
vaxxter.com,TRUE,Fake
viralcocaine.com,TRUE,Fake
viralhatch.com,TRUE,Fake
viralnewsnetwork.net,TRUE,Fake
votefraud.news,TRUE,Fake
wakeup-world.com,TRUE,Fake
wallbuilders.com,TRUE,Fake
wattsupwiththat.com,TRUE,Fake
waynedupree.com,TRUE,Fake
westonaprice.org,TRUE,Fake
whale.to,TRUE,Fake
worldaffairsbrief.com,TRUE,Fake
worlddoctorsalliance.com,TRUE,Fake
worldhealth.net,TRUE,Fake
x22report.com,TRUE,Fake
zenith.news,TRUE,Fake
zerohedge.com,TRUE,Fake
369news.net,TRUE,Fake
aim4truth.org,TRUE,Fake
allianceforadvancedhealth.com,TRUE,Fake
americandigitalnews.com,TRUE,Fake
americasfrontlinedoctors.com,TRUE,Fake
answersingenesis.org,TRUE,Fake
apost.com,TRUE,Fake
asia-pacificresearch.com,TRUE,Fake
beholdisrael.org,TRUE,Fake
biologos.org,TRUE,Fake
brightside.me,TRUE,Fake
creationwiki.org,TRUE,Fake
disobedientmedia.com,TRUE,Fake
draxe.com,TRUE,Fake
educateinspirechange.org,TRUE,Fake
eluxemagazine.com,TRUE,Fake
endtimeheadlines.org,TRUE,Fake
fabiosa.com,TRUE,Fake
faithit.com,TRUE,Fake
foodbabe.com,TRUE,Fake
freedomainradio.com,TRUE,Fake
friendsofscience.org,TRUE,Fake
geopolitics.co,TRUE,Fake
gmwatch.org,TRUE,Fake
healthandmoneynews.wordpress.com,TRUE,Fake
healthyandnaturalworld.com,TRUE,Fake
hellochristian.com,TRUE,Fake
herb.co,TRUE,Fake
higherperspectives.com,TRUE,Fake
https://anh-usa.org,TRUE,Fake
https://www.worldaffairsbrief.com,TRUE,Fake
iheartintelligence.com,TRUE,Fake
judithcurry.com,TRUE,Fake
latitudes.org,TRUE,Fake
liveaction.org,TRUE,Fake
mediafactwatch.com,TRUE,Fake
mediaroots.org,TRUE,Fake
naturalcures.com,TRUE,Fake
naturallysavvy.com,TRUE,Fake
naturalsociety.com,TRUE,Fake
newamericannews.com,TRUE,Fake
newsinsideout.com,TRUE,Fake
organicfacts.net,TRUE,Fake
ourhealthguides.com,TRUE,Fake
pressfortruth.ca,TRUE,Fake
prevention.com,TRUE,Fake
randpaul.news,TRUE,Fake
redoubtnews.com,TRUE,Fake
responsibletechnology.org,TRUE,Fake
sciencevibe.com,TRUE,Fake
sitsshow.blogspot.com,TRUE,Fake
space.news,TRUE,Fake
stream.org,TRUE,Fake
swprs.org,TRUE,Fake
theantimedia.com,TRUE,Fake
thefullertoninformer.com,TRUE,Fake
theheartysoul.com,TRUE,Fake
themindunleashed.org,TRUE,Fake
thoughtcatalog.com,TRUE,Fake
whitehouse.news,TRUE,Fake
wikispooks.com,TRUE,Fake
abeldanger.org,TRUE,Fake
ae911truth.org,TRUE,Fake
ageofautism.com,TRUE,Fake
ancient-code.com,TRUE,Fake
ancient-origins.net,TRUE,Fake
autismspeaks.org,TRUE,Fake
catholic.org,TRUE,Fake
charismanews.com,TRUE,Fake
climatedepot.com,TRUE,Fake
dailygrail.com,TRUE,Fake
doctoroz.com,TRUE,Fake
ewg.org,TRUE,Fake
faithpanda.com,TRUE,Fake
ff911truthandunity.org,TRUE,Fake
foodmatters.com,TRUE,Fake
globalhealingcenter.com,TRUE,Fake
greenpeace.org,TRUE,Fake
haarp.net,TRUE,Fake
homeopathyjournal.net,TRUE,Fake
iflscience.com,TRUE,Fake
independentsciencenews.org,TRUE,Fake
israelislamandendtimes.com,TRUE,Fake
jeffereyjaxen.com,TRUE,Fake
legitgov.org,TRUE,Fake
livestrong.com,TRUE,Fake
livingwhole.org,TRUE,Fake
mindbodygreen.com,TRUE,Fake
modernalternativemama.com,TRUE,Fake
naturalawakeningsmag.com,TRUE,Fake
naturalhealth365.com,TRUE,Fake
newsbud.com,TRUE,Fake
peta.org,TRUE,Fake
thetrumpet.com,TRUE,Fake
ukcolumn.org,TRUE,Fake
whatdoesitmean.com,TRUE,Fake
cbn.com,TRUE,Fake
